<?xml version="1.0" encoding="UTF-8"?>
<addon id="repository.ApolloTV" name="[COLOR orange]ApolloTV addon-on repository[/COLOR]" version="1.0.0" provider-name="ApolloTV">
    <extension point="xbmc.addon.repository" name="[COLOR orange]ApolloTV add-on repository[/COLOR]">
        <info compressed="false">https://raw.githubusercontent.com/ApolloTVofficial/repository.ApolloTV/master/addons.xml</info>
        <checksum>https://raw.githubusercontent.com/ApolloTVofficial/repository.ApolloTV/master/addons.xml.md5</checksum>
        <datadir zip="true">https://raw.githubusercontent.com/ApolloTVofficial/repository.ApolloTV/master/</datadir>
    </extension>
    <extension point="xbmc.addon.metadata">
        <summary>ApolloTV for Kodi</summary>
        <description>Streaming: it's not rocket science.</description>
        <platform>all</platform>
    </extension>
</addon>